Title,Date
"Lucifer: Temporada 5: A face do diabo","13/03/2022"
"Elite: Temporada 3: Cayetana e Valerio","03/03/2022"
"Elite: Temporada 3: Samuel e Guzmán","03/03/2022"
"Elite: Temporada 3: Carla","03/03/2022"
"Elite: Temporada 2: 0 hora desaparecido","03/03/2022"
"Elite: Temporada 2: 84 horas desaparecido","03/03/2022"
"Elite: Temporada 2: 66 horas desaparecido","03/03/2022"
"Elite: Temporada 2: 63 horas desaparecido","03/03/2022"
"Resgate","03/03/2022"
"Din e o Dragão Genial","03/03/2022"
"Amizade Dolorida: Temporada 1: O passado nem sempre fica para trás","03/03/2022"
"Amizade Dolorida: Temporada 1: Pete envergonhado","03/03/2022"
"Wu Assassins: Temporada 1: Caminhos - Parte 2","28/02/2022"
"Wu Assassins: Temporada 1: Caminhos - Parte 1","28/02/2022"
"Wu Assassins: Temporada 1: Noite das mulheres","28/02/2022"
"Wu Assassins: Temporada 1: Legado","27/02/2022"
"Wu Assassins: Temporada 1: Assassinos do Gu","27/02/2022"
"Wu Assassins: Temporada 1: Durma bem","27/02/2022"
"Wu Assassins: Temporada 1: Cobra","27/02/2022"
"Wu Assassins: Temporada 1: Frango apimentado","26/02/2022"
"Wu Assassins: Temporada 1: Juventude desperdiçada","26/02/2022"
"Wu Assassins: Temporada 1: Pedido errado","24/02/2022"
"Boruto: Naruto Next Generations: Temporada 3: Sasuke's Shadow","24/02/2022"
"Boruto: Naruto Next Generations: Temporada 3: Boruto's Birthday","23/02/2022"
"Boruto: Naruto Next Generations: Temporada 3: The Chunin Exams: The Recommendation Meeting","23/02/2022"
"Boruto: Naruto Next Generations: Temporada 3: Wasabi and Namida","23/02/2022"
"Boruto: Naruto Next Generations: Temporada 3: The Genin Documentary","23/02/2022"
"Boruto: Naruto Next Generations: Temporada 3: The Figure I Want to Be","23/02/2022"
"Boruto: Naruto Next Generations: Temporada 3: Go! The Crest of Night Strategy","23/02/2022"
"Boruto: Naruto Next Generations: Temporada 3: Memories from the Day of Snow","23/02/2022"
"Parasyte: The Maxim: Temporada 1: A metamorfose","23/02/2022"
"Boruto: Naruto Next Generations: Temporada 3: Shikadai's Doubts","22/02/2022"
"Boruto: Naruto Next Generations: Temporada 3: The Byakuya Gang Surfaces!","22/02/2022"
"Boruto: Naruto Next Generations: Temporada 3: A Ninja's Job","22/02/2022"
"Boruto: Naruto Next Generations: Temporada 3: Strength in Unity","21/02/2022"
"Amizade Dolorida: Temporada 1: Velhos amigos, novos nomes","21/02/2022"
"Gente Grande 2","21/02/2022"
"Afonso Padilha: Alma de Pobre","21/02/2022"
"O Pacote","21/02/2022"
"Boruto: Naruto Next Generations: Temporada 2: Episódio 40","20/02/2022"
"Boruto: Naruto Next Generations: Temporada 2: Episódio 39","20/02/2022"
"Boruto: Naruto Next Generations: Temporada 2: Episódio 38","20/02/2022"
"Boruto: Naruto Next Generations: Temporada 2: Episódio 37","20/02/2022"
"Como vender drogas online (rápido): Temporada 3: Um vacilo, um passo em falso","20/02/2022"
"Boruto: Naruto Next Generations: Temporada 2: Episódio 36","20/02/2022"
"Boruto: Naruto Next Generations: Temporada 2: Episódio 35","20/02/2022"
"Boruto: Naruto Next Generations: Temporada 2: Episódio 34","20/02/2022"
"Boruto: Naruto Next Generations: Temporada 2: Episódio 33","19/02/2022"
"Boruto: Naruto Next Generations: Temporada 2: Episódio 32","19/02/2022"
"Boruto: Naruto Next Generations: Temporada 2: Episódio 31","19/02/2022"
"Boruto: Naruto Next Generations: Temporada 2: Episódio 30","19/02/2022"
"Boruto: Naruto Next Generations: Temporada 2: Episódio 29","19/02/2022"
"Boruto: Naruto Next Generations: Temporada 2: Episódio 28","19/02/2022"
"Boruto: Naruto Next Generations: Temporada 2: Episódio 27","19/02/2022"
"Boruto: Naruto Next Generations: Temporada 2: Episódio 26","19/02/2022"
"Thiago Ventura: POKAS","19/02/2022"
"Whindersson Nunes: Adulto","19/02/2022"
"Tropa de Elite","19/02/2022"
"Boruto: Naruto Next Generations: Temporada 2: Episódio 25","18/02/2022"
"Boruto: Naruto Next Generations: Temporada 1: Episódio 24","18/02/2022"
"Boruto: Naruto Next Generations: Temporada 1: Episódio 23","18/02/2022"
"Boruto: Naruto Next Generations: Temporada 1: Episódio 22","18/02/2022"
"Boruto: Naruto Next Generations: Temporada 1: Episódio 21","18/02/2022"
"Boruto: Naruto Next Generations: Temporada 1: Episódio 20","18/02/2022"
"Boruto: Naruto Next Generations: Temporada 1: Episódio 19","18/02/2022"
"Boruto: Naruto Next Generations: Temporada 1: Episódio 18","18/02/2022"
"Boruto: Naruto Next Generations: Temporada 1: Episódio 17","18/02/2022"
"Boruto: Naruto Next Generations: Temporada 1: Episódio 16","18/02/2022"
"Boruto: Naruto Next Generations: Temporada 1: Episódio 15","17/02/2022"
"Boruto: Naruto Next Generations: Temporada 1: Episódio 14","17/02/2022"
"Como vender drogas online (rápido): Temporada 2: Não seja mau","17/02/2022"
"Como vender drogas online (rápido): Temporada 2: Mova-se rápido","17/02/2022"
"Boruto: Naruto Next Generations: Temporada 1: Episódio 13","16/02/2022"
"Boruto: Naruto Next Generations: Temporada 1: Episódio 12","16/02/2022"
"Boruto: Naruto Next Generations: Temporada 1: Episódio 11","16/02/2022"
"Boruto: Naruto Next Generations: Temporada 1: Episódio 10","16/02/2022"
"Um Espião e Meio","15/02/2022"
"Boruto: Naruto Next Generations: Temporada 1: Episódio 9","14/02/2022"
"Boruto: Naruto Next Generations: Temporada 1: Episódio 8","14/02/2022"
"Boruto: Naruto Next Generations: Temporada 1: Episódio 7","14/02/2022"
"Boruto: Naruto Next Generations: Temporada 1: Episódio 6","13/02/2022"
"Boruto: Naruto Next Generations: Temporada 1: Episódio 5","13/02/2022"
"Boruto: Naruto Next Generations: Temporada 1: Episódio 4","13/02/2022"
"Boruto: Naruto Next Generations: Temporada 1: Episódio 3","13/02/2022"
"Boruto: Naruto Next Generations: Temporada 1: Episódio 2","13/02/2022"
"Boruto: Naruto Next Generations: Temporada 1: Episódio 1","13/02/2022"
"Truque de Mestre: O Segundo Ato","11/02/2022"
"Venom","11/02/2022"
"O Golpista do Tinder","11/02/2022"
"Através da Minha Janela","10/02/2022"
"Como vender drogas online (rápido): Temporada 2: Compre. Venda. Ame.","10/02/2022"
"Elite: Temporada 2: 59 horas desaparecido","22/01/2022"
"Elite: Temporada 3: Lu","22/01/2022"
"Como vender drogas online (rápido): Temporada 2: Inspirado na vida real","22/01/2022"
"Como vender drogas online (rápido): Temporada 2: Aonde você quer ir hoje?","19/01/2022"
"Como vender drogas online (rápido): Temporada 2: Pense diferente","19/01/2022"
"Como vender drogas online (rápido): Temporada 1: Se você é o mais esperto na sala, está na sala errada","18/01/2022"
"Como vender drogas online (rápido): Temporada 1: É tudo ou nada","17/01/2022"
"Como vender drogas online (rápido): Temporada 1: Se isso é a realidade, prefiro não","17/01/2022"
"Como vender drogas online (rápido): Temporada 1: O fracasso não é opção","16/01/2022"
"Como vender drogas online (rápido): Temporada 1: A vida não é justa, lide com isso","16/01/2022"
"Como vender drogas online (rápido): Temporada 1: Nerds hoje, chefes amanhã","16/01/2022"
"Sex Education: Temporada 3: Episódio 8","16/01/2022"
"Sex Education: Temporada 3: Episódio 7","16/01/2022"
"Sex Education: Temporada 3: Episódio 6","16/01/2022"
"Sex Education: Temporada 3: Episódio 5","15/01/2022"
"Sex Education: Temporada 3: Episódio 4","13/01/2022"
"Sex Education: Temporada 3: Episódio 3","13/01/2022"
"Elite: Temporada 2: 36 horas desaparecido","10/01/2022"
"Elite: Temporada 2: 34 horas desaparecido","10/01/2022"
"Elite: Temporada 2: 20 horas desaparecido","10/01/2022"
"Elite: Temporada 1: Arzila","10/01/2022"
"Elite: Temporada 1: Tudo explode","10/01/2022"
"Elite: Temporada 1: Tudo vai ficar bem","10/01/2022"
"Elite: Temporada 1: Todo mundo mente","10/01/2022"
"Elite: Temporada 1: O amor é uma droga","10/01/2022"
"Cobra Kai: Temporada 4: A ascensão","09/01/2022"
"Cobra Kai: Temporada 4: A queda","09/01/2022"
"Elite: Temporada 1: Sábado à noite","09/01/2022"
"Elite: Temporada 1: Desejo","09/01/2022"
"Cobra Kai: Temporada 4: Hora de diversão","09/01/2022"
"Cobra Kai: Temporada 4: Campos minados","09/01/2022"
"Cobra Kai: Temporada 4: Garotas curtem luta","09/01/2022"
"Elite: Temporada 1: Bem-vindos","09/01/2022"
"Cobra Kai: Temporada 4: Ponto decisivo","09/01/2022"
"Cobra Kai: Temporada 4: Bicefalia","08/01/2022"
"Cobra Kai: Temporada 4: Para depois aprender a voar","08/01/2022"
"Cobra Kai: Temporada 4: Primeiro aprenda a ficar em pé","08/01/2022"
"Cobra Kai: Temporada 4: Vamos lá!","08/01/2022"
"Aggretsuko: Feliz Natal Metaleiro","08/01/2022"
"Aggretsuko: Temporada 4: Encontro","08/01/2022"
"Aggretsuko: Temporada 4: Acesso não autorizado","08/01/2022"
"Aggretsuko: Temporada 4: Recrutamento","08/01/2022"
"Aggretsuko: Temporada 4: Promoção","07/01/2022"
"Aggretsuko: Temporada 4: Luta pela sobrevivência","07/01/2022"
"Aggretsuko: Temporada 4: Opções","07/01/2022"
"Aggretsuko: Temporada 4: Promessas não cumpridas","07/01/2022"
"Aggretsuko: Temporada 4: Trabalho sujo","07/01/2022"
"Aggretsuko: Temporada 4: O chefe novo","07/01/2022"
"Aggretsuko: Temporada 4: Um colega","07/01/2022"
"The Witcher: Temporada 2: Família","05/01/2022"
"The Witcher: Temporada 2: Voleth Meir","04/01/2022"
"The Witcher: Temporada 2: Caro amigo...","04/01/2022"
"The Witcher: Temporada 2: Decisões e consequências","03/01/2022"
"Naruto Shippuden: Temporada 2: A nove caudas se liberta","30/12/2021"
"Naruto Shippuden: Temporada 2: A ponte Tenchi","30/12/2021"
"Naruto Shippuden: Temporada 2: Simulação","30/12/2021"
"O Shaolin do Sertão","30/12/2021"
"SHAMAN KING: Temporada 1: O Grande Onmyoji, Hao Asakura","30/12/2021"
"SHAMAN KING: Temporada 1: Não Confie em Ninguém","29/12/2021"
"SHAMAN KING: Temporada 1: O Poder de Yoh","29/12/2021"
"SHAMAN KING: Temporada 1: Eu Faria Qualquer Coisa por Você","29/12/2021"
"SHAMAN KING: Temporada 1: Jeanne, a Donzela de Ferro","29/12/2021"
"SHAMAN KING: Temporada 1: O Natal de Joco","29/12/2021"
"SHAMAN KING: Temporada 1: Jaguar","29/12/2021"
"SHAMAN KING: Temporada 1: O Grande Espírito e as equipes","29/12/2021"
"Monty Python's Flying Circus: Temporada 4: A era de ouro do balonismo","29/12/2021"
"SHAMAN KING: Temporada 1: Anjos Armados","29/12/2021"
"SHAMAN KING: Temporada 1: O Ultrapenteado Ataca Novamente","28/12/2021"
"SHAMAN KING: Temporada 1: Quando Tudo Fez Sentido","28/12/2021"
"SHAMAN KING: Temporada 1: Lyserg, o Vingador","28/12/2021"
"SHAMAN KING: Temporada 1: E Hao!","28/12/2021"
"SHAMAN KING: Temporada 1: O fim de Tao","28/12/2021"
"SHAMAN KING: Temporada 1: Um conto de dois homens","28/12/2021"
"SHAMAN KING: Temporada 1: Noite na pousada","28/12/2021"
"SHAMAN KING: Temporada 1: Yoh vs. Ren de novo!","28/12/2021"
"SHAMAN KING: Temporada 1: Evolução","27/12/2021"
"SHAMAN KING: Temporada 1: Uma forma de coragem","27/12/2021"
"SHAMAN KING: Temporada 1: Yoh vs. Horohoro!","27/12/2021"
"SHAMAN KING: Temporada 1: Superalma","27/12/2021"
"SHAMAN KING: Temporada 1: Lugar especial","27/12/2021"
"SHAMAN KING: Temporada 1: Anna e Tao Jun","27/12/2021"
"SHAMAN KING: Temporada 1: Mais um xamã","27/12/2021"
"Alpha and Omega","26/12/2021"
"Homem-Aranha: De Volta ao Lar","26/12/2021"
"The Witcher: Temporada 2: Serviço Secreto Redaniano","20/12/2021"
"The Witcher: Temporada 2: Perdas","20/12/2021"
"The Witcher: Temporada 2: Kaer Morhen","19/12/2021"
"The Witcher: Temporada 2: Um grão de veracidade","18/12/2021"
"Em Ritmo de Fuga","08/12/2021"
"La casa de papel: Parte 5: Uma tradição familiar","07/12/2021"
"La casa de papel: Parte 5: Conversas na cama","06/12/2021"
"La casa de papel: Parte 5: A teoria da elegância","06/12/2021"
"La casa de papel: Parte 5: Voluntarismo","06/12/2021"
"La casa de papel: Parte 5: Válvula de escape","06/12/2021"
"La casa de papel: Parte 5: Seu lugar no céu","06/12/2021"
"Naruto: Temporada 6: Um confronto do destino: você não pode me vencer!","27/11/2021"
"The Silence","22/11/2021"
"Arcane: Temporada 1: O monstro que você criou","20/11/2021"
"Arcane: Temporada 1: Água e óleo","20/11/2021"
"Arcane: Temporada 1: O garoto salvador","20/11/2021"
"Inacreditável: Minissérie: Episódio 3","19/11/2021"
"Inacreditável: Minissérie: Episódio 2","19/11/2021"
"Inacreditável: Minissérie: Episódio 1","19/11/2021"
"Arcane: Temporada 1: Quando as paredes desabam","18/11/2021"
"Arcane: Temporada 1: Todos querem ser meus inimigos","18/11/2021"
"Arcane: Temporada 1: Feliz Dia do Progresso!","17/11/2021"
"Arcane: Temporada 1: A violência é essencial para a mudança","17/11/2021"
"Arcane: Temporada 1: Alguns mistérios não devem ser desvendados","16/11/2021"
"Arcane: Temporada 1: Entrando na brincadeira","16/11/2021"
"Um Dia","12/11/2021"
"JoJo's Bizarre Adventure: Phantom Blood/Battle Tendency: Juventude com Dio","08/11/2021"
"JoJo's Bizarre Adventure: Phantom Blood/Battle Tendency: Uma carta do passado","07/11/2021"
"JoJo's Bizarre Adventure: Phantom Blood/Battle Tendency: Dio, o invasor","07/11/2021"
"O Fotógrafo de Mauthausen","02/11/2021"
"Durante a Tormenta","30/10/2021"
"O Incrível Mundo de Gumball: Temporada 3: O nome / Os extras","23/10/2021"
"Os 3 Lá Embaixo: Contos da Arcadia: Parte 1: Preso no tempo","11/10/2021"
"Os 3 Lá Embaixo: Contos da Arcadia: Parte 1: Vai dar ruim","11/10/2021"
"Os 3 Lá Embaixo: Contos da Arcadia: Parte 1: Infestação alienígena","11/10/2021"
"La casa de papel: Parte 5: Bem-vindos ao show da vida","11/10/2021"
"La casa de papel: Parte 5: Você acredita em reencarnação?","11/10/2021"
"La casa de papel: Parte 5: Fim da estrada","11/10/2021"
"Os 3 Lá Embaixo: Contos da Arcadia: Parte 1: Como pensam os humanos","10/10/2021"
"Round 6: Temporada 1: Um dia de sorte","07/10/2021"
"Round 6: Temporada 1: O líder","07/10/2021"
"Round 6: Temporada 1: VIPs","06/10/2021"
"Round 6: Temporada 1: Gganbu","05/10/2021"
"Round 6: Temporada 1: Um mundo justo","04/10/2021"
"Round 6: Temporada 1: Fiquem juntos","04/10/2021"
"Round 6: Temporada 1: O homem do guarda-chuva","03/10/2021"
"Round 6: Temporada 1: Inferno","03/10/2021"
"Round 6: Temporada 1: Batatinha frita 1, 2, 3","03/10/2021"
"Sex Education: Temporada 3: Episódio 2","23/09/2021"
"Sex Education: Temporada 3: Episódio 1","20/09/2021"
"Sex Education: Temporada 1: Episódio 2","20/09/2021"
"The Walking Dead: Temporada 10: Acabe com os sussurradores","17/09/2021"
"The Walking Dead: Temporada 10: Fantasmas","17/09/2021"
"The Walking Dead: Temporada 10: Nós somos o fim do mundo","17/09/2021"
"The Walking Dead: Temporada 10: Limites que cruzamos","17/09/2021"
"The Walking Dead: Temporada 9: Nevasca","17/09/2021"
"Ghost: Do Outro Lado da Vida","11/09/2021"
"Os 3 Lá Embaixo: Contos da Arcadia: Parte 1: Terra desconhecida - Parte 2","10/09/2021"
"Os 3 Lá Embaixo: Contos da Arcadia: Parte 1: Terra desconhecida - Parte 1","10/09/2021"
"Garota Exemplar","08/09/2021"
"Sex Education: Temporada 1: Episódio 1","08/09/2021"
"A Lenda dos Guardiões","07/09/2021"
"Além da Morte","04/09/2021"
"La casa de papel: Parte 5: Muitas vidas para viver","04/09/2021"
"La casa de papel: Parte 4: Plano Paris","03/09/2021"
"La casa de papel: Parte 1: Episódio 6","03/09/2021"
"La casa de papel: Parte 1: Episódio 5","03/09/2021"
"Vis a vis: Temporada 1: Mosca-morta","27/08/2021"
"Oxigênio","20/08/2021"
"SHAMAN KING: Temporada 1: O garoto que dança com fantasmas","14/08/2021"
"Samurai X: O Final","06/08/2021"
"Samurai X: A Origem","04/08/2021"
"Milagre na Cela 7","01/08/2021"
"Kung Fu Panda 3","18/07/2021"
"O bicho vai pegar","08/07/2021"
"Minha Mãe é Uma Peça","07/07/2021"
"Sex/Life: Temporada 1: A escolha certa","07/07/2021"
"Sex/Life: Temporada 1: Sábado à noite numa cidade pequena","07/07/2021"
"Sex/Life: Temporada 1: Nosso lugar favorito","07/07/2021"
"Sex/Life: Temporada 1: O som do subúrbio","06/07/2021"
"Sex/Life: Temporada 1: A nova Nova York","06/07/2021"
"Sex/Life: Temporada 1: Império de memórias","06/07/2021"
"Sex/Life: Temporada 1: Na estação de metrô à meia-noite","05/07/2021"
"Sex/Life: Temporada 1: As esposas estão em Connecticut","05/07/2021"
"La casa de papel: Parte 1: Episódio 4","23/06/2021"
"La casa de papel: Parte 1: Episódio 3","23/06/2021"
"La casa de papel: Parte 1: Episódio 2","22/06/2021"
"La casa de papel: Parte 1: Episódio 1","22/06/2021"
"Paternidade","22/06/2021"
"Sweet Tooth: Temporada 1: Grandão","11/06/2021"
"Sweet Tooth: Temporada 1: Quando eles se conheceram","11/06/2021"
"Sweet Tooth: Temporada 1: Algo estranho no trem","11/06/2021"
"Sweet Tooth: Temporada 1: O que tem no freezer?","08/06/2021"
"Sweet Tooth: Temporada 1: O molho secreto","08/06/2021"
"Sweet Tooth: Temporada 1: Esquisitice de cervo","07/06/2021"
"Sweet Tooth: Temporada 1: Foi mal por todos os mortos","06/06/2021"
"Sweet Tooth: Temporada 1: Saindo da mata","06/06/2021"
"Sam & Cat: Temporada 2: #ODroneEOBebê","02/06/2021"
"EncrenCão","02/06/2021"
"Lucifer: Temporada 5: Karaokê celestial","29/05/2021"
"Lucifer: Temporada 5: Jantar de família","29/05/2021"
"Shrek","29/05/2021"
"The Walking Dead: Temporada 9: Calmaria","16/05/2021"
"The Walking Dead: Temporada 9: Cicatrizes","16/05/2021"
"Shrek Terceiro","16/05/2021"
"H2O - Meninas Sereias: Temporada 1: Garotas festeiras","15/05/2021"
"H2O - Meninas Sereias: Temporada 1: O melhor do dia","14/05/2021"
"H2O - Meninas Sereias: Temporada 1: Festa na piscina","14/05/2021"
"H2O - Meninas Sereias: Temporada 1: Metamorfose","14/05/2021"
"Shrek 2","14/05/2021"
"Karate Kid","10/05/2021"
"Fullmetal Alchemist: Temporada 1: Desafio ao sol","07/05/2021"
"A Família Mitchell e a Revolta das Máquinas","07/05/2021"
"Erased: Temporada 1: Tesouro","24/04/2021"
"Erased: Temporada 1: Futuro","24/04/2021"
"Erased: Temporada 1: Alegria","24/04/2021"
"Erased: Temporada 1: Caso resolvido?","24/04/2021"
"Erased: Temporada 1: Andando em círculos","24/04/2021"
"Erased: Temporada 1: Fora de controle","24/04/2021"
"Erased: Temporada 1: Anjo da Morte","24/04/2021"
"Erased: Temporada 1: Fuga","24/04/2021"
"Erased: Temporada 1: Sucesso","23/04/2021"
"Erased: Temporada 1: Sinal de nascença","23/04/2021"
"Erased: Temporada 1: De volta ao passado, de olho no futuro","23/04/2021"
"Erased: Temporada 1: Diante dos meus olhos","23/04/2021"
"Fullmetal Alchemist: Brotherhood: Parte 1: Alquimista de Aço","23/04/2021"
"O mentiroso","18/04/2021"
"Zohan – O Agente Bom de Corte","14/03/2021"
"Naruto: Temporada 6: A sombra de Orochimaru","20/02/2021"
"Cidade Invisível: Temporada 1: É muito maior do que a gente","20/02/2021"
"Cidade Invisível: Temporada 1: Coisa de criança","20/02/2021"
"Cidade Invisível: Temporada 1: Você não vai acreditar em mim","20/02/2021"
"Cidade Invisível: Temporada 1: A Cuca vai pegar","19/02/2021"
"Cidade Invisível: Temporada 1: Eles estão entre nós","19/02/2021"
"Naruto: Temporada 6: Uma nova formação: Ino-Shika-Cho!","19/02/2021"
"Naruto: Temporada 6: Uma nova equipe! Duas pessoas e um cachorro?!","19/02/2021"
"Naruto: Temporada 6: Tonton! Eu estou contando com você!","19/02/2021"
"Naruto: Temporada 6: Os três vilões da prisão de segurança máxima","19/02/2021"
"Naruto: Temporada 6: A determinação de Sakura!","19/02/2021"
"Naruto: Temporada 6: Duas batidas do coração: a armadilha de Kabuto","19/02/2021"
"Naruto: Temporada 6: Puro terror! A casa de Orochimaru","19/02/2021"
"Naruto: Temporada 6: Traição inocente e um apelo fugaz!","19/02/2021"
"Naruto: Temporada 6: Uma cidade de bandidos! A sombra do clã Fuuma","19/02/2021"
"Naruto: Temporada 6: Disfarce total!? Uma supermissão Nível S!","19/02/2021"
"Mako Mermaids: An H2O Adventure: Temporada 1: Expulsas","18/02/2021"
"Cidade Invisível: Temporada 1: É um caminho sem volta","18/02/2021"
"Cidade Invisível: Temporada 1: Queria muito que você estivesse aqui","18/02/2021"
"Amor além da vida","15/02/2021"
"Vida Após a Morte: Temporada 1: Médiuns – Parte 1","14/02/2021"
"Vida Após a Morte: Temporada 1: Relatos dos ressuscitados","14/02/2021"
"O Segredo dos Animais","08/02/2021"
"La casa de papel: El fenómeno","08/02/2021"
"Naruto Shippuden: Temporada 2: Sem título","29/01/2021"
"Naruto Shippuden: Temporada 2: O falso sorriso","29/01/2021"
"Naruto Shippuden: Temporada 2: Uma adição indesejada","29/01/2021"
"Naruto Shippuden: Temporada 2: Formação! A nova equipe Kakashi","29/01/2021"
"Naruto Shippuden: Temporada 2: Um novo alvo","29/01/2021"
"Naruto Shippuden: Temporada 1: A volta do Kazekage","29/01/2021"
"Naruto Shippuden: Temporada 1: O legado","29/01/2021"
"Naruto Shippuden: Temporada 1: A estética de um momento","29/01/2021"
"Naruto Shippuden: Temporada 1: Kakashi iluminado!","29/01/2021"
"Naruto Shippuden: Temporada 1: As feras ressuscitadas!","29/01/2021"
"Naruto Shippuden: Temporada 1: Um sonho impossível","28/01/2021"
"Naruto Shippuden: Temporada 1: Luta entre marionetes: dez contra cem!","28/01/2021"
"Naruto Shippuden: Temporada 1: Três minutos entre a vida e a morte","28/01/2021"
"Naruto Shippuden: Temporada 1: O terceiro Kazekage","28/01/2021"
"Naruto Shippuden: Temporada 1: Pai e mãe","28/01/2021"
"Naruto Shippuden: Temporada 1: As habilidades secretas de Chiyo","28/01/2021"
"Naruto Shippuden: Temporada 1: O verdadeiro rosto de Sasori","28/01/2021"
"Naruto Shippuden: Temporada 1: Hiruko contra duas Kunoichi!","28/01/2021"
"Naruto Shippuden: Temporada 1: Armadilhas ativadas... Os inimigos da Equipe Guy!","28/01/2021"
"Naruto Shippuden: Temporada 1: Postura tática: operação entrada em gancho!","28/01/2021"
"Naruto Shippuden: Temporada 1: A morte do Gaara!","28/01/2021"
"Naruto Shippuden: Temporada 1: O segredo do Jinchurik!","28/01/2021"
"Naruto Shippuden: Temporada 1: A esfera secreta se chama...","27/01/2021"
"Naruto Shippuden: Temporada 1: O crescimento de Naruto","27/01/2021"
"Naruto Shippuden: Temporada 1: Um encontro com destino","27/01/2021"
"Naruto Shippuden: Temporada 1: A determinação da vovó aposentada","27/01/2021"
"Naruto Shippuden: Temporada 1: A aprendiz de médica ninja","27/01/2021"
"Naruto Shippuden: Temporada 1: Jutsu de selamento: nove dragões fantasmas!","27/01/2021"
"Naruto Shippuden: Temporada 1: As lágrimas do Jinchuriki","26/01/2021"
"Naruto Shippuden: Temporada 1: Equipe Kakashi se mobiliza","26/01/2021"
"Naruto Shippuden: Temporada 1: Corra, Kankuro","26/01/2021"
"Naruto Shippuden: Temporada 1: Missão cumprida","26/01/2021"
"Naruto Shippuden: Temporada 1: Kazekage se mantém no alto","26/01/2021"
"Naruto Shippuden: Temporada 1: O Jinchuriki da areia","25/01/2021"
"Naruto Shippuden: Temporada 1: Os resultados do treinamento","25/01/2021"
"Naruto Shippuden: Temporada 1: Os Akatsuki entram em ação","25/01/2021"
"Naruto Shippuden: Temporada 1: Voltando para casa","25/01/2021"
"Naruto: Temporada 5: A promessa que não pode ser cumprida","25/01/2021"
"Naruto: Temporada 5: O fim das lágrimas","25/01/2021"
"Naruto: Temporada 5: Apelo de um amigo","25/01/2021"
"Naruto: Temporada 5: Por um amigo","25/01/2021"
"Naruto: Temporada 5: Os segredos do Mangekyo Sharingan","25/01/2021"
"Naruto: Temporada 5: Pai e filho, o emblema partido","25/01/2021"
"Naruto: Temporada 5: Irmãos: distanciamento entre os Uchiha","25/01/2021"
"Naruto: Temporada 5: Um grito para ouvidos surdos","25/01/2021"
"Naruto: Temporada 5: Um golpe vingativo! A dança da Samambaia!","24/01/2021"
"Naruto: Temporada 5: A luta final: Gaara contra Kimimaro","24/01/2021"
"Naruto: Temporada 5: A batalha de cada um","24/01/2021"
"Naruto: Temporada 5: Os shinobi da areia: aliados da Folha","24/01/2021"
"Naruto: Temporada 5: Possuído pela besta","24/01/2021"
"Naruto: Temporada 5: O demônio bonitão da aldeia da Folha!","24/01/2021"
"Naruto: Temporada 5: A distração: o retorno de Shikamaru!","24/01/2021"
"Naruto: Temporada 5: Rugidos e uivos! A derradeira equipe de lutadores","24/01/2021"
"Naruto: Temporada 5: Erro de calculo: um novo inimigo aparece!","24/01/2021"
"Naruto: Temporada 5: O hospedeiro chega tarde demais!","24/01/2021"
"Naruto: Temporada 5: Perder não é uma opção!","24/01/2021"
"Naruto: Temporada 5: 360 graus de visão: o ponto cego do Byakugan!","24/01/2021"
"Naruto: Temporada 5: Seu oponente sou eu!","24/01/2021"
"Naruto: Temporada 5: Adeus velho amigo. eu sempre acreditarei em você!","24/01/2021"
"Naruto: Temporada 5: Força total! Chouji, arrasa!","24/01/2021"
"Naruto: Temporada 5: Motim na equipe: a união se defaz!","24/01/2021"
"Naruto: Temporada 5: Som contra folha","24/01/2021"
"Naruto: Temporada 5: Formação! A equipe de resgate de Sasuke","24/01/2021"
"Naruto: Temporada 5: Um convite do som","24/01/2021"
"Naruto: Temporada 5: Rivais amargos e laços desfeitos","24/01/2021"
"Naruto: Temporada 5: A batalha começa: Naruto contra Sasuke!","24/01/2021"
"Naruto: Temporada 4: O verdadeiro rosto do Kakashi-Sensei!","24/01/2021"
"Naruto: Temporada 4: Sensei e o aluno: o laço dos shinobi!","24/01/2021"
"Naruto: Temporada 4: A vontade do fogo ainda queima","24/01/2021"
"Naruto: Temporada 4: O aviso de Tsunade: ninja nunca mais!","24/01/2021"
"Naruto: Temporada 4: Sequestrado! A aventura de Naruto nas fontes termais","24/01/2021"
"Naruto: Temporada 4: Paralisação completa! O fim do Sannin!","24/01/2021"
"Naruto: Temporada 4: O quinto Hokage…Apostando a vida","23/01/2021"
"Naruto: Temporada 4: Atacar! A fúria do Rasengan!","23/01/2021"
"Naruto: Temporada 4: Interrupção…O acordo acabou!","23/01/2021"
"Naruto: Temporada 4: Uma oferta duvidosa! A escolha de Tsunade!","23/01/2021"
"Naruto: Temporada 4: Herança! O colar da morte!","23/01/2021"
"Naruto: Temporada 4: Imperdoável! Uma total falta de respeito!","23/01/2021"
"Naruto: Temporada 4: Uma escolha impossível: a dor dentro do coração de Tsunade","23/01/2021"
"Naruto: Temporada 4: Ponto focal: a marca da folha!","23/01/2021"
"Naruto: Temporada 4: O treinamento continua: estoure o balão d´água!","23/01/2021"
"Naruto: Temporada 4: Um novo treinamento começa! Eu serei forte!","22/01/2021"
"Naruto: Temporada 4: Ódio entre os Uchihas: o último do clã!","22/01/2021"
"Naruto: Temporada 4: Ruja, Chidori! Irmão contra irmão!","22/01/2021"
"Naruto: Temporada 4: Jiraiya: o potencial desastre do Naruto!","22/01/2021"
"Toradora!: Temporada 1: Tigre e dragão","22/01/2021"
"Naruto: Temporada 4: Olho no olho: Sharingan contra Sharingan!","22/01/2021"
"Naruto: Temporada 4: O retorno da névoa matutina","22/01/2021"
"Naruto: Temporada 3: O terceiro Hokage, para sempre...","22/01/2021"
"Naruto: Temporada 3: Além do limite da escuridão e luz!","22/01/2021"
"Naruto: Temporada 3: O manual do ninja Naruto!","22/01/2021"
"Naruto: Temporada 3: Luz contra escuridão: as duas faces de Gaara","22/01/2021"
"Naruto: Temporada 3: O assassino da noite enluarada","22/01/2021"
"Naruto: Temporada 3: A decisão de Sasuke: pressionado ao extremo!","22/01/2021"
"Naruto: Temporada 3: Uma verdade surpreendente! A identidade do Gaara aparece!","22/01/2021"
"Naruto: Temporada 3: Técnica secreta proibida: selo Ceifeiro da Morte!","22/01/2021"
"Naruto: Temporada 3: Um erro do passado: o rosto revelado!","21/01/2021"
"Naruto: Temporada 3: Uma luta incomparável: Hokage contra Hokage!","21/01/2021"
"Naruto: Temporada 3: O ocioso entra em ação:chega de preguiça!","21/01/2021"
"Naruto: Temporada 3: Aldeia angustiada missão nível A!","21/01/2021"
"Naruto: Temporada 3: Zero hora! A destruição da aldeia da Folha começa!","21/01/2021"
"Naruto: Temporada 3: Atrasado para o show, mas pronto para lutar! A derradeira técnica nasce!","21/01/2021"
"Naruto: Temporada 3: O Jutsu do sobrancelhudo: estilo Sasuke!","21/01/2021"
"Naruto: Temporada 3: Folha dançante, areia contorcida","21/01/2021"
"B: The Beginning: Temporada 1: Episódio 12","21/01/2021"
"Naruto: Temporada 3: Motivação zero: o cara com inveja da nuvem!","21/01/2021"
"Naruto: Temporada 3: Bata ou desista: as rodadas finais ficam complicadas!","21/01/2021"
"Naruto: Temporada 3: O verdadeiro poder do perdedor!","21/01/2021"
"Naruto: Temporada 3: A derradeira defesa: no ponto zero!","21/01/2021"
"Naruto: Temporada 3: Byakugan contra Jutsu clones da sombra!","21/01/2021"
"Naruto: Temporada 3: As rodadas finais: a corrida para a arena de batalha!","21/01/2021"
"Naruto: Temporada 3: Hospital sitiado: a mão do mal revelada!","21/01/2021"
"Naruto: Temporada 3: Ele voa! Ele salta! Ele espreita! O Sapo Chefe aparece!","21/01/2021"
"Naruto: Temporada 3: Viva ou morra: arrisque tudo para ganhar tudo!","21/01/2021"
"Naruto: Temporada 3: Um sentimento de anseio, uma flor cheia de esperança","21/01/2021"
"Naruto: Temporada 3: Jutsu de invocação: a sabedoria do sábio Sapo!!","21/01/2021"
"Naruto: Temporada 3: Após muito tempo: Jiraiya retorna!","21/01/2021"
"Naruto: Temporada 2: Ebisu Returns: Naruto's Toughest Training Yet!","21/01/2021"
"Naruto: Temporada 2: A Shadow in Darkness: Danger Approaches Sasuke","21/01/2021"
"Naruto: Temporada 2: The Fifth Gate: A Splendid Ninja Is Born","21/01/2021"
"Naruto: Temporada 2: Lee's Hidden Strength: Forbidden Secret Jutsu!","21/01/2021"
"Naruto: Temporada 2: Gaara vs. Rock Lee: The Power of Youth Explodes!","21/01/2021"
"Naruto: Temporada 2: A Failure Stands Tall!","21/01/2021"
"Naruto: Temporada 2: Byakugan Battle: Hinata Grows Bold!","21/01/2021"
"Naruto: Temporada 2: Surprise Attack! Naruto's Secret Weapon!","21/01/2021"
"Naruto: Temporada 2: Akamaru Unleashed! Who's Top Dog Now?","21/01/2021"
"Naruto: Temporada 2: Killer Kunoichi and a Shaky Shikamaru","21/01/2021"
"Naruto: Temporada 2: The Ultimate Battle: Cha!","21/01/2021"
"Naruto: Temporada 2: Kunoichi Rumble: The Rivals Get Serious!","21/01/2021"
"Naruto: Temporada 2: Kakashi and Orochimaru: Face-to-Face!","21/01/2021"
"Naruto: Temporada 2: Bushy Brow's Jealousy: Lions Barrage Unleashed!","21/01/2021"
"Naruto: Temporada 2: Narrowing the Field: Sudden Death Elimination!","21/01/2021"
"Naruto: Temporada 2: Surviving the Cut!  The Rookie Nine Together Again!","21/01/2021"
"Naruto: Temporada 2: Clone vs. Clone: Mine are Better than Yours!","20/01/2021"
"Naruto: Temporada 2: The Scroll's Secret: No Peeking Allowed","20/01/2021"
"Naruto: Temporada 2: Akamaru Trembles: Gaara's Cruel Strength!","20/01/2021"
"Naruto: Temporada 2: Battle Formation: Ino-Shika-Cho!","20/01/2021"
"Naruto: Temporada 2: Sakura Blossoms!","20/01/2021"
"Naruto: Temporada 2: Bushy Brow's Pledge: Undying Love and Protection!","20/01/2021"
"B: The Beginning: Temporada 1: Episódio 3","19/01/2021"
"B: The Beginning: Temporada 1: Episódio 2","19/01/2021"
"B: The Beginning: Temporada 1: Episódio 1","19/01/2021"
"Naruto: Temporada 2: The Sharingan Revived: Dragon-Flame Jutsu!","19/01/2021"
"Naruto: Temporada 2: Naruto's Counterattack: Never Give In!","19/01/2021"
"Naruto: Temporada 2: Eat or Be Eaten: Panic in the Forest","19/01/2021"
"Naruto: Temporada 2: The Chunin Exam Stage 2: The Forest of Death","19/01/2021"
"Naruto: Temporada 1: Special Report: Live from the Forest of Death!","19/01/2021"
"Naruto: Temporada 1: The Tenth Question: All or Nothing!","19/01/2021"
"Naruto: Temporada 1: Start Your Engines: The Chunin Exam Begins!","19/01/2021"
"Naruto: Temporada 1: Genin Takedown! All Nine Rookies Face Off!","19/01/2021"
"Naruto: Temporada 1: Chunin Challenge: Rock Lee vs. Sasuke!","19/01/2021"
"Naruto: Temporada 1: Identify Yourself: Powerful New Rivals","19/01/2021"
"Naruto: Temporada 1: A New Chapter Begins: The Chunin Exam!","19/01/2021"
"Naruto: Temporada 1: The Demon in the Snow","19/01/2021"
"Naruto: Temporada 1: The Weapons Known as Shinobi","19/01/2021"
"Naruto: Temporada 1: White Past: Hidden Ambition","18/01/2021"
"Naruto: Temporada 1: The Broken Seal","18/01/2021"
"Naruto: Temporada 1: Zero Visibility: The Sharingan Shatters","18/01/2021"
"Naruto: Temporada 1: The Number One Hyperactive, Knucklehead Ninja Joins the Fight!!","18/01/2021"
"The Witcher: Temporada 1: Muito mais","18/01/2021"
"The Witcher: Temporada 1: Antes da queda","18/01/2021"
"The Witcher: Temporada 1: Espécies raras","18/01/2021"
"Naruto: Temporada 1: Haku's Secret Jutsu: Crystal Ice Mirrors","18/01/2021"
"Naruto: Temporada 1: Battle on the Bridge!  Zabuza Returns!!","18/01/2021"
"Naruto: Temporada 1: The Land Where a Hero Once Lived","18/01/2021"
"Naruto: Temporada 1: The Forest of Chakra","17/01/2021"
"Naruto: Temporada 1: Kakashi: Sharingan Warrior","17/01/2021"
"Naruto: Temporada 1: The Oath of Pain","17/01/2021"
"Naruto: Temporada 1: The Assassin of the Mist!","17/01/2021"
"Naruto: Temporada 1: A Dangerous Mission! Journey to the Land of Waves!","17/01/2021"
"Naruto: Temporada 1: You Failed! Kakashi's Final Decision","17/01/2021"
"Naruto: Temporada 1: Pass or Fail: Survival Test","17/01/2021"
"Naruto: Temporada 1: Sasuke and Sakura: Friends or Foes?","17/01/2021"
"Naruto: Temporada 1: My Name Is Konohamaru!","17/01/2021"
"Naruto: Temporada 1: Enter: Naruto Uzumaki!","17/01/2021"
"The Witcher: Temporada 1: Desejos reprimidos","17/01/2021"
"The Witcher: Temporada 1: Banquetes, bastardos e funerais","17/01/2021"
"The Witcher: Temporada 1: Lua da traição","17/01/2021"
"The Witcher: Temporada 1: Apenas quatro","17/01/2021"
"The Witcher: Temporada 1: O começo do fim","16/01/2021"
"Kipo e os Animonstros: Temporada 1: Amoras explosivas","15/01/2021"
"Kipo e os Animonstros: Temporada 1: A menina da toca","15/01/2021"
"Millennium: Os Homens que Não Amavam as Mulheres","15/01/2021"
"Inferno","10/01/2021"
"Unidade 42: Temporada 1: Cara a cara","10/01/2021"
"O Ditador","09/01/2021"
"Mortal Kombat","08/01/2021"
"Cobra Kai: Temporada 3: 19 de dezembro","07/01/2021"
"Cobra Kai: Temporada 3: Natal","07/01/2021"
"Cobra Kai: Temporada 3: O bom, o ruim e o fera","06/01/2021"
"Cobra Kai: Temporada 3: Obstáculos","06/01/2021"
"Cobra Kai: Temporada 3: Rei Cobra","06/01/2021"
"As Aventuras de Sharkboy e Lavagirl","06/01/2021"
"Cobra Kai: Temporada 3: Miyagi-Do","05/01/2021"
"Cobra Kai: Temporada 3: O caminho certo","04/01/2021"
"Cobra Kai: Temporada 3: Vai ter que pagar","04/01/2021"
"Cobra Kai: Temporada 3: Treinamento ou dom inato?","04/01/2021"
"Cobra Kai: Temporada 3: Consequências","04/01/2021"
"A Lenda de Korra: Livro 4: Equilíbrio: O ponto final","04/01/2021"
"A Lenda de Korra: Livro 4: Equilíbrio: O dia do colosso","03/01/2021"
"Pequenos Grandes Heróis","03/01/2021"
"A Lenda de Korra: Livro 4: Equilíbrio: A artimanha de Kuvira","03/01/2021"
"A Lenda de Korra: Livro 4: Equilíbrio: Operação Beifong","03/01/2021"
"A Lenda de Korra: Livro 4: Equilíbrio: Além do bosque","02/01/2021"
"A Lenda de Korra: Livro 4: Equilíbrio: Lembranças","02/01/2021"
"A Lenda de Korra: Livro 4: Equilíbrio: Reunião","02/01/2021"
"A Lenda de Korra: Livro 4: Equilíbrio: A batalha de Zaofu","02/01/2021"
"A Lenda de Korra: Livro 4: Equilíbrio: Inimigo nos portões","02/01/2021"
"A Lenda de Korra: Livro 4: Equilíbrio: O chamado","02/01/2021"
"A Lenda de Korra: Livro 4: Equilíbrio: A coroação","02/01/2021"
"A Lenda de Korra: Livro 4: Equilíbrio: Korra sozinha","02/01/2021"
"A Lenda de Korra: Livro 4: Equilíbrio: Depois desses anos todos","02/01/2021"
"A Lenda de Korra: Livro 3: Mudança: O veneno do Lótus Vermelho","01/01/2021"
"A Lenda de Korra: Livro 3: Mudança: Entre no vazio","01/01/2021"
"A Lenda de Korra: Livro 3: Mudança: O ultimato","01/01/2021"
"A Lenda de Korra: Livro 3: Mudança: Vida longa à rainha","01/01/2021"
"A Lenda de Korra: Livro 3: Mudança: A tocaia","01/01/2021"
"A Lenda de Korra: Livro 3: Mudança: O terror interno","01/01/2021"
"A Lenda de Korra: Livro 3: Mudança: Dominadores de ar originais","01/01/2021"
"A Lenda de Korra: Livro 3: Mudança: Velhas feridas","01/01/2021"
"A Lenda de Korra: Livro 3: Mudança: O clã de metal","31/12/2020"
"A Lenda de Korra: Livro 3: Mudança: Em perigo","31/12/2020"
"A Lenda de Korra: Livro 3: Mudança: A rainha da Terra","31/12/2020"
"A Lenda de Korra: Livro 3: Mudança: Renascimento","30/12/2020"
"A Lenda de Korra: Livro 3: Mudança: Um sopro de ar fresco","30/12/2020"
"A Lenda de Korra: Livro 2: Espíritos: Luz no Escuro","30/12/2020"
"A Lenda de Korra: Livro 2: Espíritos: Cai a Escuridão","30/12/2020"
"A Lenda de Korra: Livro 2: Espíritos: Convergência Harmônica","29/12/2020"
"A Lenda de Korra: Livro 2: Espíritos: Noite de Mil Estrelas","29/12/2020"
"A Lenda de Korra: Livro 2: Espíritos: Uma Nova Era Espiritual","29/12/2020"
"A Lenda de Korra: Livro 2: Espíritos: O Guia","28/12/2020"
"A Lenda de Korra: Livro 2: Espíritos: Inícios, Segunda Parte","28/12/2020"
"A Lenda de Korra: Livro 2: Espíritos: Inícios, Primeira Parte","28/12/2020"
"A Lenda de Korra: Livro 2: Espíritos: Operação Disfarçada","28/12/2020"
"A Lenda de Korra: Livro 2: Espíritos: Mantenedores da Paz","27/12/2020"
"A Lenda de Korra: Livro 2: Espíritos: Guerras Civis: Segunda Parte","27/12/2020"
"A Lenda de Korra: Livro 2: Espíritos: Guerras Civis: Primeira Parte","26/12/2020"
"A Lenda de Korra: Livro 2: Espíritos: As Luzes do Sul","26/12/2020"
"A Lenda de Korra: Livro 2: Espíritos: Espírito Rebelde","26/12/2020"
"A Lenda de Korra: Livro 1: Ar: Fim de Jogo","26/12/2020"
"A Lenda de Korra: Livro 1: Ar: Esqueletos no Armário","25/12/2020"
"A Lenda de Korra: Livro 1: Ar: A Lenda de Korra","25/12/2020"
"A Lenda de Korra: Livro 1: Ar: Do Passado","25/12/2020"
"A Lenda de Korra: Livro 1: Ar: Quando os Extremos se Encontram","25/12/2020"
"A Lenda de Korra: Livro 1: Ar: O Dia Seguinte","25/12/2020"
"A Lenda de Korra: Livro 1: Ar: E o Vencedor é…","25/12/2020"
"A Lenda de Korra: Livro 1: Ar: O Espírito de Competição","25/12/2020"
"A Lenda de Korra: Livro 1: Ar: A Voz na Noite","25/12/2020"
"A Lenda de Korra: Livro 1: Ar: A Revelação","25/12/2020"
"A Lenda de Korra: Livro 1: Ar: Uma Folha ao Vento","25/12/2020"
"A Lenda de Korra: Livro 1: Ar: Bem-vinda à Cidade República","25/12/2020"
"Anitta: Made in Honório: Temporada 1: Anitta","21/12/2020"
"O Gambito da Rainha: Minissérie: Fim de jogo","08/12/2020"
"O Gambito da Rainha: Minissérie: Partidas adiadas","06/12/2020"
"O Gambito da Rainha: Minissérie: Treinamento","06/12/2020"
"O Gambito da Rainha: Minissérie: Meio de jogo","06/12/2020"
"O Gambito da Rainha: Minissérie: Peões duplos","06/12/2020"
"O Gambito da Rainha: Minissérie: O torneio","05/12/2020"
"O Gambito da Rainha: Minissérie: Aberturas","05/12/2020"
"Shokugeki no Soma: Food Wars!: Shokugeki no Soma: Um deserto sem fim","05/12/2020"
"Bronx","26/11/2020"
"Os Jovens Titãs em Ação: Temporada 5: A colher de concha / A galinha no berço","25/11/2020"
"O Incrível Mundo de Gumball: Temporada 3: O farsante / O vácuo","25/11/2020"
"O Incrível Mundo de Gumball: Temporada 3: As reclamações / As férias","25/11/2020"
"Meu Malvado Favorito","23/11/2020"
"Perda Total","23/11/2020"
"Sex Education: Temporada 2: Episódio 8","22/11/2020"
"Sex Education: Temporada 2: Episódio 7","22/11/2020"
"Motoqueiro fantasma","21/11/2020"
"O Dilema das Redes","20/11/2020"
"The Walking Dead: Temporada 9: Sufoco","19/11/2020"
"Mulher-Maravilha","13/11/2020"
"La casa de papel: Parte 4: Derrube a barraca","13/11/2020"
"La casa de papel: Parte 4: Nocaute técnico","12/11/2020"
"La casa de papel: Parte 4: Cinco minutos antes","12/11/2020"
"La casa de papel: Parte 4: Suspiros da Espanha","12/11/2020"
"La casa de papel: Parte 4: Aula de anatomia","12/11/2020"
"La casa de papel: Parte 4: Casamento de Berlim","12/11/2020"
"Velozes e Furiosos 7","11/11/2020"
"Sex Education: Temporada 2: Episódio 6","11/11/2020"
"Sex Education: Temporada 2: Episódio 5","11/11/2020"
"Sex Education: Temporada 2: Episódio 4","11/11/2020"
"Sex Education: Temporada 2: Episódio 3","11/11/2020"
"Sex Education: Temporada 2: Episódio 2","11/11/2020"
"Lucy","07/11/2020"
"4 Contra o Apocalipse: Livro 2: Parada zumbi","05/11/2020"
"La casa de papel: Parte 3: Férias curtas","05/11/2020"
"La casa de papel: Parte 3: Tudo parecia insignificante","05/11/2020"
"Kick-Ass: Quebrando Tudo","02/11/2020"
"Bird Box","01/11/2020"
"4 Contra o Apocalipse: Livro 2: Mestre do bestiário","31/10/2020"
"4 Contra o Apocalipse: Livro 2: Jack, o herói","31/10/2020"
"4 Contra o Apocalipse: Livro 2: Missão no shopping","31/10/2020"
"Sex Education: Temporada 2: Episódio 1","30/10/2020"
"Sex Education: Temporada 1: Episódio 8","30/10/2020"
"Sex Education: Temporada 1: Episódio 7","30/10/2020"
"Sex Education: Temporada 1: Episódio 6","30/10/2020"
"O Último Mestre do Ar","29/10/2020"
"Bom Dia, Verônica: Temporada 1: A Gaiola","23/10/2020"
"Bom Dia, Verônica: Temporada 1: Fora da Caixa","23/10/2020"
"Bom Dia, Verônica: Temporada 1: Ciao, Principessa","23/10/2020"
"Bom Dia, Verônica: Temporada 1: Uma Visita Inesperada","23/10/2020"
"Bom Dia, Verônica: Temporada 1: Dentro da Caixa","23/10/2020"
"Bom Dia, Verônica: Temporada 1: Bom Dia, Verônica","23/10/2020"
"It: A Coisa","23/10/2020"
"Sex Education: Temporada 1: Episódio 5","22/10/2020"
"Sex Education: Temporada 1: Episódio 4","22/10/2020"
"Sex Education: Temporada 1: Episódio 3","22/10/2020"
"4 Contra o Apocalipse: Livro 1: 4 contra o apocalipse","20/10/2020"
"Lucifer: Temporada 1: Piloto","19/10/2020"
"Velozes e Furiosos","18/10/2020"
"La casa de papel: Parte 3: Bum, bum, ciao","18/10/2020"
"La casa de papel: Parte 3: Hora do golfinho","18/10/2020"
"La casa de papel: Parte 3: 48 metros de profundidade","18/10/2020"
"Lucifer: Temporada 5: Aviso de spoiler","18/10/2020"
"Lucifer: Temporada 5: Sexo e magia","17/10/2020"
"Lucifer: Temporada 5: Vai rolar?","17/10/2020"
"Lucifer: Temporada 5: Detetive Amenadiel","17/10/2020"
"Lucifer: Temporada 5: O frango nunca se dá bem","15/10/2020"
"Lucifer: Temporada 5: Mais um diabo","15/10/2020"
"ONE PIECE: East Blue: Episódio 24","13/10/2020"
"ONE PIECE: East Blue: Episódio 23","13/10/2020"
"ONE PIECE: East Blue: Episódio 22","13/10/2020"
"ONE PIECE: East Blue: Episódio 1","13/10/2020"
"Lucifer: Temporada 5: Lucifer! Lucifer! Lucifer!","11/10/2020"
"Lucifer: Temporada 5: Diabo triste","05/10/2020"
"Lucifer: Temporada 3: A cor laranja lhe cai bem","05/10/2020"
"Aggretsuko: Temporada 3: Contarei até dez","02/10/2020"
"Aggretsuko: Temporada 3: Hora de decidir","02/10/2020"
"Aggretsuko: Temporada 3: Fim do sonho?","02/10/2020"
"Aggretsuko: Temporada 3: Uma barreira impenetrável","02/10/2020"
"Aggretsuko: Temporada 3: Encruzilhada","02/10/2020"
"Aggretsuko: Temporada 3: Um ouriço-do-mar no deserto","02/10/2020"
"Aggretsuko: Temporada 3: Mudanças","02/10/2020"
"Aggretsuko: Temporada 3: Gentileza","02/10/2020"
"Aggretsuko: Temporada 3: Sem dinheiro","02/10/2020"
"Aggretsuko: Temporada 3: As coisas boas da vida","02/10/2020"
"Aggretsuko: Temporada 2: Vida maravilhosa","01/10/2020"
"Aggretsuko: Temporada 2: Ela sonha","01/10/2020"
"Aggretsuko: Temporada 2: Ele mora acima das nuvens","01/10/2020"
"Aggretsuko: Temporada 2: Afeição cada vez maior","01/10/2020"
"Aggretsuko: Temporada 2: Futuro desconhecido","01/10/2020"
"Aggretsuko: Temporada 2: Pela união","29/09/2020"
"Aggretsuko: Temporada 2: Impacto inevitável","29/09/2020"
"Aggretsuko: Temporada 2: Atraso duplo","29/09/2020"
"Aggretsuko: Temporada 2: O novo contratado Anai","29/09/2020"
"Aggretsuko: Temporada 2: Hora de crescer","29/09/2020"
"Aggretsuko: Temporada 1: O fim do sonho","29/09/2020"
"Aggretsuko: Temporada 1: Um mundo cor-de-rosa","29/09/2020"
"Aggretsuko: Temporada 1: O Príncipe Egoísta","29/09/2020"
"Aggretsuko: Temporada 1: Karaokê","28/09/2020"
"Aggretsuko: Temporada 1: Puxa-saco","28/09/2020"
"Aggretsuko: Temporada 1: Segredo revelado","28/09/2020"
"Aggretsuko: Temporada 1: Casamento","27/09/2020"
"Aggretsuko: Temporada 1: Parasita","27/09/2020"
"Aggretsuko: Temporada 1: Uma garota esforçada","27/09/2020"
"Aggretsuko: Temporada 1: Um dia na vida de Retsuko","27/09/2020"
"Cobra Kai: Temporada 2: Sem compaixão","26/09/2020"
"Cobra Kai: Temporada 2: Polvo","26/09/2020"
"Cobra Kai: Temporada 2: A vez do amor","25/09/2020"
"Cobra Kai: Temporada 2: Trégua","25/09/2020"
"Cobra Kai: Temporada 2: Vire à direita","24/09/2020"
"Cobra Kai: Temporada 2: Vai com tudo","24/09/2020"
"Cobra Kai: Temporada 2: Momento da verdade","24/09/2020"
"Cobra Kai: Temporada 2: Fogo e gelo","24/09/2020"
"Cobra Kai: Temporada 2: Em busca do equilíbrio","23/09/2020"
"Cobra Kai: Temporada 2: Compaixão – Parte 2","23/09/2020"
"Cobra Kai: Temporada 1: Compaixão – Parte 1","23/09/2020"
"Cobra Kai: Temporada 1: Diferentes, mas iguais","22/09/2020"
"Cobra Kai: Temporada 1: Transformação","22/09/2020"
"Cobra Kai: Temporada 1: A competição","22/09/2020"
"Cobra Kai: Temporada 1: Alunos novos","22/09/2020"
"Cobra Kai: Temporada 1: Contrapeso","22/09/2020"
"Cobra Kai: Temporada 1: Cobra Kai para sempre","22/09/2020"
"Cobra Kai: Temporada 1: Esqueleto","21/09/2020"
"Cobra Kai: Temporada 1: Acerte primeiro","21/09/2020"
"Cobra Kai: Temporada 1: Degenerado","21/09/2020"
"As Aventuras do Gato de Botas: Temporada 1: A joia oculta","21/09/2020"
"O Expresso Polar","21/09/2020"
"La casa de papel: Parte 3: Aikido","14/09/2020"
"La casa de papel: Parte 2: Episódio 9","14/09/2020"
"La casa de papel: Parte 4: Fim de jogo","12/09/2020"
"La casa de papel: Parte 3: À deriva","12/09/2020"
"La casa de papel: Parte 3: Estamos de volta","10/09/2020"
"Emoji: O Filme","09/09/2020"
"The Walking Dead: Temporada 9: Missão de resgate","31/08/2020"
"The Walking Dead: Temporada 9: Recompensa","31/08/2020"
"The Walking Dead: Temporada 9: Memórias confusas","31/08/2020"
"Yu-Gi-Oh!: Temporada 1: Jornada ao reino dos duelistas","30/08/2020"
"Yu-Gi-Oh!: Temporada 1: O grande desafio","30/08/2020"
"Yu-Gi-Oh!: Temporada 1: O coração das cartas","30/08/2020"
"Mundo Mistério: Temporada 1: Aquecimento Global. Uma grande conspiração?","30/08/2020"
"Mundo Mistério: Temporada 1: O caminho para a Superinteligência Artificial","30/08/2020"
"Mundo Mistério: Temporada 1: A Grande Extinção","30/08/2020"
"Mundo Mistério: Temporada 1: Apocalipse Zumbi. E se fosse real?","30/08/2020"
"Mundo Mistério: Temporada 1: Do lobo ao cão","30/08/2020"
"Caçadores de Bugs: Temporada 2: Travou!","29/08/2020"
"Caçadores de Bugs: Temporada 2: Eu sou Mitch Williams","29/08/2020"
"Caçadores de Bugs: Temporada 2: Acerto de contas","29/08/2020"
"Caçadores de Bugs: Temporada 2: Os caçadores de verdade","29/08/2020"
"Caçadores de Bugs: Temporada 2: Encontre o bug","29/08/2020"
"Caçadores de Bugs: Temporada 2: A nova recruta","29/08/2020"
"Caçadores de Bugs: Temporada 2: Amigos","29/08/2020"
"Caçadores de Bugs: Temporada 2: Urso Ralphie está de volta","29/08/2020"
"Caçadores de Bugs: Temporada 2: Ping","29/08/2020"
"Mundo Mistério: Temporada 1: Aprendendo a viajar no tempo","29/08/2020"
"Mundo Mistério: Temporada 1: Os 20 milhões de mortos da Grande Peste","29/08/2020"
"Caçadores de Bugs: Temporada 2: Ridley, a modder","28/08/2020"
"Caçadores de Bugs: Temporada 1: Karate Trainer","28/08/2020"
"Caçadores de Bugs: Temporada 1: Aventuras treinando caçadores","27/08/2020"
"Caçadores de Bugs: Temporada 1: Quest para recuperar joias","27/08/2020"
"Caçadores de Bugs: Temporada 1: Líder alfa","27/08/2020"
"Caçadores de Bugs: Temporada 1: Labirinto","27/08/2020"
"O Incrível Mundo de Gumball: Temporada 3: A receita / O filhote","24/08/2020"
"O Incrível Mundo de Gumball: Temporada 3: A treinadora / A alegria","24/08/2020"
"O Incrível Mundo de Gumball: Temporada 3: As crianças / A fã","24/08/2020"
"The Walking Dead: Temporada 9: Adaptação","24/08/2020"
"The Walking Dead: Temporada 9: Evolução","24/08/2020"
"The Walking Dead: Temporada 9: Em busca de ajuda","24/08/2020"
"The Walking Dead: Temporada 9: Quem é você agora?","24/08/2020"
"Caçadores de Bugs: Temporada 1: Esmagozauros","22/08/2020"
"Caçadores de Bugs: Temporada 1: Luva roubada!","22/08/2020"
"Caçadores de Bugs: Temporada 1: Tutorial","22/08/2020"
"Caçadores de Bugs: Temporada 1: Era da Hinobi","22/08/2020"
"Megamente","22/08/2020"
"Johnny Test: Temporada 6: Johnny e o relógio / Johnny Fator X","22/08/2020"
"Homem-Formiga","22/08/2020"
"Harry Potter e a Ordem da Fênix","21/08/2020"
"Os Sem-Floresta","21/08/2020"
"The Walking Dead: Temporada 9: O que virá agora","21/08/2020"
"The Walking Dead: Temporada 9: A obrigação","21/08/2020"
"Kung Fu Panda 2","20/08/2020"
"Três ladrões e um bebê","16/08/2020"
"Mundo Mistério: Temporada 1: Os Mistérios do Triângulo das Bermudas","15/08/2020"
"Puella Magi Madoka Magica: Temporada 1: Ah, como seria maravilhoso","15/08/2020"
"Puella Magi Madoka Magica: Temporada 1: Acho que a conheci num sonho","15/08/2020"
"A noiva-cadáver","14/08/2020"
"O Show de Truman - O Show da Vida","14/08/2020"
"The Walking Dead: Temporada 9: Avisos","14/08/2020"
"Harry Potter e a Câmara Secreta","08/08/2020"
"The Walking Dead: Temporada 9: A ponte","06/08/2020"
"The Walking Dead: Temporada 9: Um novo começo","06/08/2020"
"La casa de papel: Parte 2: Episódio 8","05/08/2020"
"La casa de papel: Parte 2: Episódio 7","05/08/2020"
"La casa de papel: Parte 2: Episódio 6","05/08/2020"
"Hancock","05/08/2020"
"La casa de papel: Parte 2: Episódio 5","05/08/2020"
"La casa de papel: Parte 2: Episódio 4","05/08/2020"
"La casa de papel: Parte 2: Episódio 3","05/08/2020"
"La casa de papel: Parte 2: Episódio 2","05/08/2020"
"La casa de papel: Parte 2: Episódio 1","04/08/2020"
"La casa de papel: Parte 1: Episódio 13","04/08/2020"
"V de vingança","03/08/2020"
"La casa de papel: Parte 1: Episódio 12","02/08/2020"
"La casa de papel: Parte 1: Episódio 11","02/08/2020"
"Peter Pan","02/08/2020"
"La casa de papel: Parte 1: Episódio 10","01/08/2020"
"La casa de papel: Parte 1: Episódio 9","01/08/2020"
"La casa de papel: Parte 1: Episódio 8","01/08/2020"
"La casa de papel: Parte 1: Episódio 7","01/08/2020"
"Warrior Nun: Temporada 1: Efésios 6:11","31/07/2020"
"Warrior Nun: Temporada 1: Provérbios 31:25","31/07/2020"
"Warrior Nun: Temporada 1: Salmos 46:5","31/07/2020"
"A Ordem: Temporada 2: Nova Ordem mundial – Parte 2","29/07/2020"
"A Ordem: Temporada 2: Nova Ordem mundial – Parte 1","29/07/2020"
"A Ordem: Temporada 2: Aconteceu na primavera – Parte 2","28/07/2020"
"A Ordem: Temporada 2: Aconteceu na primavera – Parte 1","28/07/2020"
"A Ordem: Temporada 2: A Comunidade – Parte 2","28/07/2020"
"A Ordem: Temporada 2: A Comunidade – Parte 1","28/07/2020"
"A Ordem: Temporada 2: Corredor do medo – Parte 2","27/07/2020"
"A Ordem: Temporada 2: Corredor do medo – Parte 1","27/07/2020"
"A Ordem: Temporada 2: Radicais livres – Parte 2","26/07/2020"
"A Ordem: Temporada 2: Radicais livres – Parte 1","26/07/2020"
"A Ordem: Temporada 1: Finais - Parte 2","26/07/2020"
"A Ordem: Temporada 1: Finais - Parte 1","26/07/2020"
"A Ordem: Temporada 1: Nada a declarar - Parte 2","26/07/2020"
"A Ordem: Temporada 1: Nada a declarar - Parte 1","26/07/2020"
"A Ordem: Temporada 1: Volta ao lar - Parte 2","26/07/2020"
"A Ordem: Temporada 1: Volta ao lar - Parte 1","26/07/2020"
"A Ordem: Temporada 1: Introdução à Ética - Parte 2","26/07/2020"
"A Ordem: Temporada 1: Introdução à Ética - Parte 1","26/07/2020"
"A Ordem: Temporada 1: Semana infernal - Parte 2","25/07/2020"
"A Ordem: Temporada 1: Semana infernal - Parte 1","25/07/2020"
"The Old Guard","18/07/2020"
"Baywatch","14/07/2020"
"Tokyo Ghoul","14/07/2020"
"Angry Birds: O Filme","11/07/2020"
"O Incrível Mundo de Gumball: Temporada 1: O micro-ondas / A intrometida","11/07/2020"
"O Incrível Mundo de Gumball: Temporada 1: O carro / A maldição","11/07/2020"
"Dragões: Corrida até o Limite: Temporada 1: Imperfeita harmonia","06/07/2020"
"Dragões: Corrida até o Limite: Temporada 1: O olho do Dragão - Parte 2","06/07/2020"
"Dragões: Corrida até o Limite: Temporada 1: O olho do Dragão - Parte 1","06/07/2020"
"BNA: Temporada 1: Animália","05/07/2020"
"BNA: Temporada 1: A vez da verdade","05/07/2020"
"BNA: Temporada 1: Lobo Prateado","05/07/2020"
"BNA: Temporada 1: Bode expiatório","05/07/2020"
"BNA: Temporada 1: O novo Yaba","05/07/2020"
"BNA: Temporada 1: Albatroz-errante","04/07/2020"
"BNA: Temporada 1: Time de ursos","04/07/2020"
"BNA: Temporada 1: O sonho do golfinho","04/07/2020"
"BNA: Temporada 1: Melancolia de rinoceronte","04/07/2020"
"BNA: Temporada 1: Bairro dos Coelhos","04/07/2020"
"BNA: Temporada 1: Guaxinim em fuga","04/07/2020"
"Black Butler: Seu Mordomo e a oferta","30/06/2020"
"Black Butler: Seu Mordomo em um castelo isolado","30/06/2020"
"Black Butler: Seu Mordomo e a competição","30/06/2020"
"Black Butler: Seu Mordomo, o talentosíssimo","30/06/2020"
"Black Butler: Seu Mordomo, o aproveitador","29/06/2020"
"Black Butler: Seu Mordomo, o desolado","29/06/2020"
"Black Butler: Seu Mordomo, como queira","29/06/2020"
"Black Butler: Seu Mordomo no gelo","29/06/2020"
"Black Butler: Seu Mordomo e a imagem fantasma","29/06/2020"
"Black Butler: Seu Mordomo e o treinamento","29/06/2020"
"Black Butler: Seu Mordomo, o festivo","27/06/2020"
"Black Butler: Seu Mordomo no funeral","27/06/2020"
"Black Butler: Seu Mordomo e o encontro inesperado","27/06/2020"
"Black Butler: Seu Mordomo, o caprichoso","27/06/2020"
"Black Butler: Seu Mordomo, o onipotente","27/06/2020"
"Black Butler: Seu Mordomo, o mais forte","26/06/2020"
"Black Butler: Seu Mordomo, o hábil","26/06/2020"
"O Incrível Mundo de Gumball: Temporada 1: A busca / A colher","25/06/2020"
"O Incrível Mundo de Gumball: Temporada 1: O primata / O fantasma","25/06/2020"
"O Incrível Mundo de Gumball: Temporada 1: O clube / A varinha mágica","25/06/2020"
"O Príncipe Dragão: Temporada 3: A última batalha","24/06/2020"
"O Príncipe Dragão: Temporada 3: A guarda de Dragão","24/06/2020"
"O Príncipe Dragão: Temporada 3: Corações de cinzas","24/06/2020"
"O Príncipe Dragão: Temporada 3: A queda de Trovão","24/06/2020"
"O Príncipe Dragão: Temporada 3: Heroínas e cabeças","24/06/2020"
"O Príncipe Dragão: Temporada 3: Deserto da Meia-noite","23/06/2020"
"O Príncipe Dragão: Temporada 3: Fantasma","23/06/2020"
"O Príncipe Dragão: Temporada 3: A coroa","23/06/2020"
"O Príncipe Dragão: Temporada 3: Sol Regem","23/06/2020"
"O Príncipe Dragão: Temporada 2: Respire","23/06/2020"
"O Príncipe Dragão: Temporada 2: O livro do destino","23/06/2020"
"O Príncipe Dragão: Temporada 2: Fogo e fúria","23/06/2020"
"O Príncipe Dragão: Temporada 2: Coração de titã","23/06/2020"
"O Príncipe Dragão: Temporada 2: Quebrando o lacre","23/06/2020"
"O Príncipe Dragão: Temporada 2: Viagem por mar","23/06/2020"
"O Príncipe Dragão: Temporada 2: Disfarces e fingimentos","22/06/2020"
"O Príncipe Dragão: Temporada 2: O que a Lua esconde","22/06/2020"
"O Príncipe Dragão: Temporada 2: Um segredo e uma esperança","22/06/2020"
"O Príncipe Dragão: Temporada 1: Tempestade mágica","22/06/2020"
"O Príncipe Dragão: Temporada 1: Um lugar amaldiçoado","22/06/2020"
"O Príncipe Dragão: Temporada 1: A adaga e a loba","22/06/2020"
"O Príncipe Dragão: Temporada 1: Quebrando o gelo","22/06/2020"
"O Príncipe Dragão: Temporada 1: Um trono vazio","22/06/2020"
"O Príncipe Dragão: Temporada 1: Sede de sangue","22/06/2020"
"O Príncipe Dragão: Temporada 1: O nascer da Lua","22/06/2020"
"Wakfu: Temporada 3: Inglorium","22/06/2020"
"O Príncipe Dragão: Temporada 1: O que está feito","21/06/2020"
"O Príncipe Dragão: Temporada 1: Ecos do Trovão","21/06/2020"
"Wakfu: Temporada 1: A criança da neblina","21/06/2020"
"Space Jam - O Jogo do Século","20/06/2020"
"Gente grande","16/06/2020"
"She-Ra e as Princesas do Poder: Temporada 5: Coração – parte 2","15/06/2020"
"She-Ra e as Princesas do Poder: Temporada 5: Coração – parte 1","15/06/2020"
"She-Ra e as Princesas do Poder: Temporada 5: Mecanismo de segurança","15/06/2020"
"She-Ra e as Princesas do Poder: Temporada 5: Volta à Zona do Medo","15/06/2020"
"She-Ra e as Princesas do Poder: Temporada 5: Um vento adverso","15/06/2020"
"She-Ra e as Princesas do Poder: Temporada 5: Tiro no escuro","15/06/2020"
"She-Ra e as Princesas do Poder: Temporada 5: Os perigos de Pavão Azul","15/06/2020"
"She-Ra e as Princesas do Poder: Temporada 5: Assumindo o controle","15/06/2020"
"She-Ra e as Princesas do Poder: Temporada 5: Vamos salvar a gata","14/06/2020"
"She-Ra e as Princesas do Poder: Temporada 5: Sem saída","14/06/2020"
"She-Ra e as Princesas do Poder: Temporada 5: Corredores","14/06/2020"
"She-Ra e as Princesas do Poder: Temporada 5: Lançamento","14/06/2020"
"She-Ra e as Princesas do Poder: Temporada 5: Mestre da Horda","13/06/2020"
"She-Ra e as Princesas do Poder: Temporada 4: Destino - parte 2","13/06/2020"
"She-Ra e as Princesas do Poder: Temporada 4: Destino - parte 1","13/06/2020"
"She-Ra e as Princesas do Poder: Temporada 4: A Ilha das feras","13/06/2020"
"She-Ra e as Princesas do Poder: Temporada 4: Fraturas","13/06/2020"
"She-Ra e as Princesas do Poder: Temporada 4: Heroína","11/06/2020"
"She-Ra e as Princesas do Poder: Temporada 4: Noite dos rapazes","11/06/2020"
"She-Ra e as Princesas do Poder: Temporada 4: Sereia-mistérios","11/06/2020"
"She-Ra e as Princesas do Poder: Temporada 4: Princesa Scorpia","11/06/2020"
"She-Ra e as Princesas do Poder: Temporada 4: Protocolo","10/06/2020"
"She-Ra e as Princesas do Poder: Temporada 4: Pulso","10/06/2020"
"She-Ra e as Princesas do Poder: Temporada 4: Flutterina","10/06/2020"
"She-Ra e as Princesas do Poder: Temporada 4: O Vale dos Perdidos","09/06/2020"
"She-Ra e as Princesas do Poder: Temporada 4: A coroação","09/06/2020"
"She-Ra e as Princesas do Poder: Temporada 3: O portal","09/06/2020"
"She-Ra e as Princesas do Poder: Temporada 3: Já vi isso antes","08/06/2020"
"She-Ra e as Princesas do Poder: Temporada 3: A troca","08/06/2020"
"She-Ra e as Princesas do Poder: Temporada 3: Um dia inesquecível para Felina","08/06/2020"
"She-Ra e as Princesas do Poder: Temporada 3: Correndo perigo","08/06/2020"
"She-Ra e as Princesas do Poder: Temporada 3: Escolhas","08/06/2020"
"She-Ra e as Princesas do Poder: Temporada 2: Encontro da família do Arqueiro","07/06/2020"
"She-Ra e as Princesas do Poder: Temporada 2: Lembranças do passado","07/06/2020"
"She-Ra e as Princesas do Poder: Temporada 2: Nevasca","06/06/2020"
"She-Ra e as Princesas do Poder: Temporada 2: Como defender um reino","06/06/2020"
"13 Reasons Why: Temporada 1: Fita 1, Lado A","06/06/2020"
"She-Ra e as Princesas do Poder: Temporada 2: Sinais","05/06/2020"
"She-Ra e as Princesas do Poder: Temporada 2: A importância dos laços","05/06/2020"
"She-Ra e as Princesas do Poder: Temporada 2: A floresta congelada","05/06/2020"
"She-Ra e as Princesas do Poder: Temporada 1: Batalha em Lua Clara","05/06/2020"
"She-Ra e as Princesas do Poder: Temporada 1: Esperança da Luz","05/06/2020"
"She-Ra e as Princesas do Poder: Temporada 1: Promessas","05/06/2020"
"She-Ra e as Princesas do Poder: Temporada 1: O poder da amizade","05/06/2020"
"Black Mirror: Temporada 1: Hino Nacional","05/06/2020"
"She-Ra e as Princesas do Poder: Temporada 1: Superando diferenças","04/06/2020"
"She-Ra e as Princesas do Poder: Temporada 1: Encontro de princesas","04/06/2020"
"She-Ra e as Princesas do Poder: Temporada 1: Nas sombras do Reino da Mágica","04/06/2020"
"She-Ra e as Princesas do Poder: Temporada 1: Falha no sistema","03/06/2020"
"She-Ra e as Princesas do Poder: Temporada 1: O portal do mar","03/06/2020"
"She-Ra e as Princesas do Poder: Temporada 1: Flores para She-Ra","03/06/2020"
"She-Ra e as Princesas do Poder: Temporada 1: Madame Rizzo","03/06/2020"
"She-Ra e as Princesas do Poder: Temporada 1: A espada - Parte 2","03/06/2020"
"She-Ra e as Princesas do Poder: Temporada 1: A espada - Parte 1","03/06/2020"
"Lucifer: Temporada 3: Último coração partido","03/06/2020"
"O Mundo dos Pequeninos","01/06/2020"
"Crush à Altura","01/06/2020"
"Jack e a Mecânica do Coração","31/05/2020"
"Encantada","24/05/2020"
"Eu Nunca...: Temporada 1: ... disse que sentia muito","22/05/2020"
"Eu Nunca...: Temporada 1: ... me comportei tanto","22/05/2020"
"Eu Nunca...: Temporada 1: ... deixei todo mundo que eu conheço p* da vida","22/05/2020"
"Eu Nunca...: Temporada 1: ... fui uma tremenda mentirosa","22/05/2020"
"Eu Nunca...: Temporada 1: ... fui o garoto mais solitário do mundo","22/05/2020"
"Eu Nunca...: Temporada 1: ... comecei uma guerra nuclear","22/05/2020"
"Eu Nunca...: Temporada 1: ...me senti superindiana","22/05/2020"
"Eu Nunca...: Temporada 1: ...fiquei bêbada com a galera popular","22/05/2020"
"Eu Nunca...: Temporada 1: ...transei com Paxton Hall-Yoshida","22/05/2020"
"Eu Nunca...: Temporada 1: Piloto","22/05/2020"
"Gato de Botas","17/05/2020"
"O Incrível Mundo de Gumball: Temporada 1: O bigode / O encontro","05/04/2020"
"Turbo","29/03/2020"
"Meu Malvado Favorito 3","28/03/2020"
"O Incrível Mundo de Gumball: Temporada 1: A meia / O gênio","28/03/2020"
"O Incrível Mundo de Gumball: Temporada 1: Os bobos / O segredo","18/03/2020"
"O Incrível Mundo de Gumball: Temporada 1: O robô / O piquenique","18/03/2020"
"O Durão","18/03/2020"
"O Incrível Mundo de Gumball: Temporada 1: A festa / O reembolso","18/03/2020"
"O Incrível Mundo de Gumball: Temporada 1: A capa / O beijo","18/03/2020"
"O Incrível Mundo de Gumball: Temporada 1: O mistério / A pegadinha","18/03/2020"
"O Incrível Mundo de Gumball: Temporada 1: O mais preguiçoso / O fantasma","17/03/2020"
"O Incrível Mundo de Gumball: Temporada 1: O responsável/ O vestido","17/03/2020"
"O Incrível Mundo de Gumball: Temporada 1: A pressão / O desenho","17/03/2020"
"O Incrível Mundo de Gumball: Temporada 1: O terceiro / A dívida","17/03/2020"
"Esquadrão Suicida","17/03/2020"
"Luccas Neto em: Dia das Crianças","04/01/2020"
"O Menino que Descobriu o Vento","13/11/2019"
"Felipe Neto - Minha Vida Não Faz Sentido","17/06/2019"
"Policial em Apuros 2","13/04/2019"
"O Chefinho - De Volta aos Negócios: Temporada 2: Quando se Trocam as Fraldas","13/04/2019"
"Asfalto de Sangue","24/03/2019"
"Monstros S.A.","23/03/2019"
"Benji","02/03/2019"
"Carga Bruta","25/02/2019"
"Nu","25/02/2019"
"O Máskara","13/02/2019"
"Gigantes de aço","25/01/2019"
"Batalhas","24/01/2019"
"Blitz","24/01/2019"
"Vendo ou alugo","24/01/2019"
"Zerando a Vida","24/01/2019"
"Ace Ventura - Um Detetive Diferente","24/01/2019"
"Brinquedo Assassino 3","24/01/2019"
"O rei da água","24/01/2019"
"Nem que a Vaca Tussa","22/01/2019"
"Zootopia: Essa Cidade é o Bicho","22/01/2019"
"Todo Mundo em Pânico","22/01/2019"
"Próxima Parada: Apocalipse","22/01/2019"
"Kick Buttowski: Um Projeto de Dublê: Temporada 2: Trocando as marchas / Banido da garagem","10/01/2019"
"Kick Buttowski: Um Projeto de Dublê: Temporada 2: Limpo ao extremo / Entrega a jato","10/01/2019"
"Kick Buttowski: Um Projeto de Dublê: Temporada 2: A grana da grama / O amor fede","10/01/2019"
"Os Jovens Titãs em Ação: Temporada 1: Sanduíche lendário / Amamos uma torta","10/01/2019"
" ","09/01/2019"
"Ted","08/01/2019"
"Rango","31/12/2018"
"Lucifer: Temporada 3: Deixe-a cantar!","29/12/2018"
"Lucifer: Temporada 3: Cobaia infernal","28/12/2018"
"Lucifer: Temporada 3: Papagaiada de colégio","28/12/2018"
"Lucifer: Temporada 3: O protetor do meu irmão","28/12/2018"
"Lucifer: Temporada 3: Até que a morte nos separe","28/12/2018"
"Um Contratempo","28/12/2018"
"Os Especialistas","28/12/2018"
"Lucifer: Temporada 3: Ela no centro de tudo","28/12/2018"
